{
  "1Fw1GoLwJUetwch16gGSC0gOqTO2" : {
    "birthday" : "12/15/2021",
    "email" : "test123@gmail.com",
    "firstName" : "test2",
    "friend" : "/Moody-Supporter/222@gmail.com",
    "id" : "1Fw1GoLwJUetwch16gGSC0gOqTO2",
    "lastName" : "test1",
    "mood" : "1",
    "notification" : "System-Notification/",
    "password" : "qwertyui",
    "phone" : "6080000000",
    "status" : "Private",
    "username" : "test1test23"
  },
  "7gEr44BAd8gZfPngMqag5BGOZCj1" : {
    "birthday" : "00/00/0000",
    "email" : "222@gmail.com",
    "firstName" : "222",
    "friend" : "/Moody-Supporter/test123@gmail.com",
    "id" : "7gEr44BAd8gZfPngMqag5BGOZCj1",
    "lastName" : "222",
    "mood" : "1",
    "notification" : "/System-Notification",
    "password" : "12345678",
    "phone" : "222",
    "status" : "Private",
    "username" : "222"
  },
  "CJDmwbOyZMRb7SXGxuAq8SDqh7D3" : {
    "email" : "kurino123@gmail.com",
    "firstName" : "Badger",
    "friend" : "Moody-Supporter/",
    "id" : "CJDmwbOyZMRb7SXGxuAq8SDqh7D3",
    "lastName" : "He",
    "mood" : "1",
    "notification" : "System-Notification/",
    "password" : "kurinomike123",
    "phone" : "7777777777",
    "status" : "Private",
    "username" : "kurino"
  },
  "HMGq200upeS1iIBwRTL2gYohxB62" : {
    "birthday" : "00/00/0000",
    "email" : "1234@gmail.com",
    "firstName" : "xxx",
    "friend" : "/Moody-Supporter/qaz@gmail.com",
    "id" : "HMGq200upeS1iIBwRTL2gYohxB62",
    "lastName" : "xxx",
    "mood" : "1",
    "notification" : "/System-Notification",
    "password" : "12345678",
    "phone" : "4086835039",
    "status" : "Private",
    "username" : "xxx"
  },
  "Mtmf4UGm4pZLTladi60JIN1tfU33" : {
    "birthday" : "00/00/0000",
    "email" : "ryang96@wisc.edu",
    "firstName" : "rui",
    "friend" : "Moody-Supporter/",
    "id" : "Mtmf4UGm4pZLTladi60JIN1tfU33",
    "lastName" : "yang",
    "mood" : "1",
    "notification" : "System-Notification/",
    "password" : "12345678",
    "phone" : "123",
    "status" : "Private",
    "username" : "ryang96"
  },
  "ORv1gQayMOTEPKclWJRrxywmIfv2" : {
    "birthday" : "00/00/0000",
    "email" : "333@gmail.com",
    "firstName" : "333",
    "friend" : "Moody-Supporter/",
    "id" : "ORv1gQayMOTEPKclWJRrxywmIfv2",
    "lastName" : "333",
    "mood" : "1",
    "notification" : "System-Notification/",
    "password" : "12345678",
    "phone" : "333",
    "status" : "Private",
    "username" : "333"
  },
  "UUoUxiM9DOTPdHRy6wGadrr0YpS2" : {
    "birthday" : "00/00/0000",
    "email" : "111@gmail.com",
    "firstName" : "111",
    "friend" : "Moody-Supporter/",
    "id" : "UUoUxiM9DOTPdHRy6wGadrr0YpS2",
    "lastName" : "111",
    "mood" : "1",
    "notification" : "System-Notification/",
    "password" : "12345678",
    "phone" : "123",
    "status" : "Private",
    "username" : "111"
  },
  "YCqYhwISAocIjSJYhgr2R6HU3O23" : {
    "birthday" : "00/00/0000",
    "email" : "123456@gmail.com",
    "firstName" : "zzzz",
    "friend" : "Moody-Supporter/",
    "id" : "YCqYhwISAocIjSJYhgr2R6HU3O23",
    "lastName" : "zzz",
    "mood" : "1",
    "notification" : "System-Notification/",
    "password" : "12345678",
    "phone" : "7856488",
    "status" : "Private",
    "username" : "zzz"
  },
  "hoXrzg8qFrapRohIixZqfUKXvfG3" : {
    "birthday" : "Nothing yet",
    "email" : "123@gmail.com",
    "firstName" : "xxxxx",
    "friend" : "/Moody-Supporter/qaz@gmail.com",
    "id" : "hoXrzg8qFrapRohIixZqfUKXvfG3",
    "lastName" : "xxxx",
    "mood" : "1",
    "notification" : "/System-Notification",
    "password" : "12345678",
    "phone" : "4087699315",
    "status" : "Private",
    "username" : "xxxx"
  }
}
